"DateTime","Positive reviews","Negative reviews"
"2020-11-05 00:00:00",2480,-266
"2020-11-06 00:00:00",7401,-937
"2020-11-07 00:00:00",10088,-1255
"2020-11-08 00:00:00",12620,-1520
"2020-11-09 00:00:00",15338,-1789
"2020-11-10 00:00:00",17735,-1967
"2020-11-11 00:00:00",19421,-2096
"2020-11-12 00:00:00",20828,-2193
"2020-11-13 00:00:00",22147,-2296
"2020-11-14 00:00:00",23330,-2416
"2020-11-15 00:00:00",24447,-2506
"2020-11-16 00:00:00",25692,-2624
"2020-11-17 00:00:00",26695,-2732
"2020-11-18 00:00:00",28033,-2820
"2020-11-19 00:00:00",29080,-2880
"2020-11-20 00:00:00",29848,-2942
"2020-11-21 00:00:00",30603,-2987
"2020-11-22 00:00:00",31370,-3045
"2020-11-23 00:00:00",32217,-3127
"2020-11-24 00:00:00",32968,-3181
"2020-11-25 00:00:00",33694,-3249
"2020-11-26 00:00:00",57613,-3962
"2020-11-27 00:00:00",64249,-4151
"2020-11-28 00:00:00",68844,-4288
"2020-11-29 00:00:00",72730,-4429
"2020-11-30 00:00:00",76015,-4551
"2020-12-01 00:00:00",79458,-4678
"2020-12-02 00:00:00",81945,-4800
"2020-12-03 00:00:00",83031,-4919
"2020-12-04 00:00:00",83498,-4956
"2020-12-05 00:00:00",83984,-5000
"2020-12-06 00:00:00",84473,-5062
"2020-12-07 00:00:00",84975,-5110
"2020-12-08 00:00:00",85581,-5149
"2020-12-09 00:00:00",86104,-5214
"2020-12-10 00:00:00",86536,-5268
"2020-12-11 00:00:00",86969,-5304
"2020-12-12 00:00:00",87393,-5354
"2020-12-13 00:00:00",87907,-5408
"2020-12-14 00:00:00",88360,-5452
"2020-12-15 00:00:00",88805,-5500
"2020-12-16 00:00:00",89204,-5541
"2020-12-17 00:00:00",89603,-5595
"2020-12-18 00:00:00",89991,-5636
"2020-12-19 00:00:00",90674,-5711
"2020-12-20 00:00:00",91027,-5763
"2020-12-21 00:00:00",91523,-5812
"2020-12-22 00:00:00",91924,-5863
"2020-12-23 00:00:00",92433,-5917
"2020-12-24 00:00:00",92911,-5954
"2020-12-25 00:00:00",93353,-5988
"2020-12-26 00:00:00",93862,-6035
"2020-12-27 00:00:00",94363,-6111
"2020-12-28 00:00:00",95039,-6191
"2020-12-29 00:00:00",95540,-6248
"2020-12-30 00:00:00",96027,-6296
"2020-12-31 00:00:00",96480,-6347
"2021-01-01 00:00:00",96480,-6347
"2021-01-02 00:00:00",97395,-6425
"2021-01-03 00:00:00",97944,-6467
"2021-01-04 00:00:00",98567,-6531
"2021-01-05 00:00:00",99172,-6612
"2021-01-06 00:00:00",100515,-6723
"2021-01-07 00:00:00",101053,-6798
"2021-01-08 00:00:00",101560,-6874
"2021-01-09 00:00:00",102035,-6951
"2021-01-10 00:00:00",102496,-7042
"2021-01-11 00:00:00",103358,-7240
"2021-01-12 00:00:00",103821,-7338
"2021-01-13 00:00:00",104199,-7429
"2021-01-14 00:00:00",104596,-7491
"2021-01-15 00:00:00",105118,-7534
"2021-01-16 00:00:00",105620,-7606
"2021-01-17 00:00:00",106049,-7642
"2021-01-18 00:00:00",106049,-7642
"2021-01-19 00:00:00",106992,-7737
"2021-01-20 00:00:00",107452,-7791
"2021-01-21 00:00:00",108175,-7895
"2021-01-22 00:00:00",108509,-7928
"2021-01-23 00:00:00",108901,-7964
"2021-01-24 00:00:00",109285,-8011
"2021-01-25 00:00:00",109920,-8080
"2021-01-26 00:00:00",110402,-8131
"2021-01-27 00:00:00",110902,-8192
"2021-01-28 00:00:00",111335,-8245
"2021-01-29 00:00:00",111766,-8308
"2021-01-30 00:00:00",112195,-8351
"2021-01-31 00:00:00",112677,-8389
"2021-02-01 00:00:00",113160,-8444
"2021-02-02 00:00:00",114005,-8494
"2021-02-03 00:00:00",117117,-8640
"2021-02-04 00:00:00",118132,-8820
"2021-02-05 00:00:00",118872,-8981
"2021-02-06 00:00:00",119510,-9096
"2021-02-07 00:00:00",120213,-9199
"2021-02-08 00:00:00",121582,-9396
"2021-02-09 00:00:00",122340,-9492
"2021-02-10 00:00:00",123091,-9620
"2021-02-11 00:00:00",123757,-9705
"2021-02-12 00:00:00",123757,-9705
"2021-02-13 00:00:00",123757,-9705
"2021-02-14 00:00:00",126262,-10107
"2021-02-15 00:00:00",126262,-10107
"2021-02-16 00:00:00",128101,-10356
"2021-02-17 00:00:00",128101,-10356
"2021-02-18 00:00:00",128101,-10356
"2021-02-19 00:00:00",128101,-10356
"2021-02-20 00:00:00",130567,-10750
"2021-02-21 00:00:00",131300,-10886
"2021-02-22 00:00:00",131300,-10886
"2021-02-23 00:00:00",132821,-11118
"2021-02-24 00:00:00",133949,-11289
"2021-02-25 00:00:00",134490,-11365
"2021-02-26 00:00:00",135003,-11422
"2021-02-27 00:00:00",135543,-11502
"2021-02-28 00:00:00",136167,-11590
"2021-03-01 00:00:00",136779,-11679
"2021-03-02 00:00:00",138016,-11826
"2021-03-03 00:00:00",138586,-11882
"2021-03-04 00:00:00",139083,-11939
"2021-03-05 00:00:00",139677,-11990
"2021-03-06 00:00:00",140284,-12076
"2021-03-07 00:00:00",140918,-12171
"2021-03-08 00:00:00",141519,-12246
"2021-03-09 00:00:00",142235,-12342
"2021-03-10 00:00:00",143917,-12484
"2021-03-11 00:00:00",145094,-12593
"2021-03-12 00:00:00",145663,-12666
"2021-03-13 00:00:00",146604,-12824
"2021-03-14 00:00:00",147215,-12917
"2021-03-15 00:00:00",148190,-13062
"2021-03-16 00:00:00",148882,-13142
"2021-03-17 00:00:00",149586,-13249
"2021-03-18 00:00:00",150574,-13440
"2021-03-19 00:00:00",151024,-13514
"2021-03-20 00:00:00",151772,-13639
"2021-03-21 00:00:00",152258,-13717
"2021-03-22 00:00:00",153073,-13833
"2021-03-23 00:00:00",153701,-13925
"2021-03-24 00:00:00",154430,-14035
"2021-03-25 00:00:00",156082,-14615
"2021-03-26 00:00:00",156633,-14814
"2021-03-27 00:00:00",157372,-14938
"2021-03-28 00:00:00",157810,-14999
"2021-03-29 00:00:00",158557,-15090
"2021-03-30 00:00:00",159155,-15156
"2021-03-31 00:00:00",159959,-15282
"2021-04-01 00:00:00",160383,-15341
"2021-04-02 00:00:00",161385,-15525
"2021-04-03 00:00:00",161789,-15577
"2021-04-04 00:00:00",162639,-15714
"2021-04-05 00:00:00",163278,-15862
"2021-04-06 00:00:00",164059,-15971
"2021-04-07 00:00:00",164535,-16029
"2021-04-08 00:00:00",165054,-16094
"2021-04-09 00:00:00",165924,-16196
"2021-04-10 00:00:00",166366,-16245
"2021-04-11 00:00:00",167182,-16361
"2021-04-12 00:00:00",167620,-16427
"2021-04-13 00:00:00",168395,-16524
"2021-04-14 00:00:00",168914,-16604
"2021-04-15 00:00:00",169694,-16701
"2021-04-16 00:00:00",170105,-16758
"2021-04-17 00:00:00",170522,-16808
"2021-04-18 00:00:00",171302,-16908
"2021-04-19 00:00:00",171727,-16970
"2021-04-20 00:00:00",172592,-17071
"2021-04-21 00:00:00",173083,-17112
"2021-04-22 00:00:00",173968,-17195
"2021-04-23 00:00:00",174376,-17252
"2021-04-24 00:00:00",174846,-17313
"2021-04-25 00:00:00",175801,-17456
"2021-04-26 00:00:00",176302,-17497
"2021-04-27 00:00:00",176844,-17557
"2021-04-28 00:00:00",177772,-17654
"2021-04-29 00:00:00",178202,-17725
"2021-04-30 00:00:00",179156,-17809
"2021-05-01 00:00:00",179635,-17860
"2021-05-02 00:00:00",180611,-17954
"2021-05-03 00:00:00",181121,-18012
"2021-05-04 00:00:00",181952,-18094
"2021-05-05 00:00:00",188296,-18612
"2021-05-06 00:00:00",189811,-18972
"2021-05-07 00:00:00",191308,-19167
"2021-05-08 00:00:00",192011,-19299
"2021-05-09 00:00:00",193183,-19505
"2021-05-10 00:00:00",193776,-19586
"2021-05-11 00:00:00",194897,-19713
"2021-05-12 00:00:00",195796,-19813
"2021-05-13 00:00:00",196890,-20028
"2021-05-14 00:00:00",197399,-20086
"2021-05-15 00:00:00",198406,-20193
"2021-05-16 00:00:00",198923,-20280
"2021-05-17 00:00:00",199447,-20365
"2021-05-18 00:00:00",200428,-20486
"2021-05-19 00:00:00",200929,-20538
"2021-05-20 00:00:00",201760,-20652
"2021-05-21 00:00:00",202222,-20727
"2021-05-22 00:00:00",203069,-20829
"2021-05-23 00:00:00",203542,-20892
"2021-05-24 00:00:00",204394,-21007
"2021-05-25 00:00:00",204967,-21084
"2021-05-26 00:00:00",205834,-21214
"2021-05-27 00:00:00",206273,-21279
"2021-05-28 00:00:00",206950,-21343
"2021-05-29 00:00:00",207861,-21456
"2021-05-30 00:00:00",208321,-21513
"2021-05-31 00:00:00",209166,-21612
"2021-06-01 00:00:00",209590,-21650
"2021-06-02 00:00:00",210040,-21694
"2021-06-03 00:00:00",210741,-21815
"2021-06-04 00:00:00",211284,-21890
"2021-06-05 00:00:00",212147,-22069
"2021-06-06 00:00:00",212592,-22160
"2021-06-07 00:00:00",213009,-22219
"2021-06-08 00:00:00",213666,-22313
"2021-06-09 00:00:00",214049,-22360
"2021-06-10 00:00:00",214663,-22465
"2021-06-11 00:00:00",214981,-22544
"2021-06-12 00:00:00",215316,-22626
"2021-06-13 00:00:00",215905,-22741
"2021-06-14 00:00:00",216251,-22798
"2021-06-15 00:00:00",216853,-22896
"2021-06-16 00:00:00",217196,-22951
"2021-06-17 00:00:00",217480,-23009
"2021-06-18 00:00:00",218069,-23119
"2021-06-19 00:00:00",218410,-23176
"2021-06-20 00:00:00",219065,-23292
"2021-06-21 00:00:00",219416,-23342
"2021-06-22 00:00:00",220050,-23462
"2021-06-23 00:00:00",220368,-23515
"2021-06-24 00:00:00",220721,-23583
"2021-06-25 00:00:00",221367,-23697
"2021-06-26 00:00:00",221737,-23749
"2021-06-27 00:00:00",222087,-23816
"2021-06-28 00:00:00",222818,-23888
"2021-06-29 00:00:00",223247,-23949
"2021-06-30 00:00:00",225090,-24186
"2021-07-01 00:00:00",225597,-24340
"2021-07-02 00:00:00",226030,-24458
"2021-07-03 00:00:00",226805,-24717
"2021-07-04 00:00:00",227200,-24837
"2021-07-05 00:00:00",228005,-25156
"2021-07-06 00:00:00",228369,-25243
"2021-07-07 00:00:00",228733,-25369
"2021-07-08 00:00:00",229360,-25640
"2021-07-09 00:00:00",229743,-25848
"2021-07-10 00:00:00",230443,-26281
"2021-07-11 00:00:00",230743,-26467
"2021-07-12 00:00:00",231050,-26648
"2021-07-13 00:00:00",231622,-26876
"2021-07-14 00:00:00",232033,-26988
"2021-07-15 00:00:00",232677,-27162
"2021-07-16 00:00:00",233006,-27232
"2021-07-17 00:00:00",233307,-27346
"2021-07-18 00:00:00",233915,-27479
"2021-07-19 00:00:00",234234,-27569
"2021-07-20 00:00:00",234999,-27733
"2021-07-21 00:00:00",235358,-27837
"2021-07-22 00:00:00",235910,-28007
"2021-07-23 00:00:00",236163,-28104
"2021-07-24 00:00:00",236713,-28230
"2021-07-25 00:00:00",237007,-28305
"2021-07-26 00:00:00",237551,-28476
"2021-07-27 00:00:00",237944,-28564
"2021-07-28 00:00:00",238317,-28663
"2021-07-29 00:00:00",238863,-28807
"2021-07-30 00:00:00",239175,-28894
"2021-07-31 00:00:00",239779,-29032
"2021-08-01 00:00:00",240183,-29085
"2021-08-02 00:00:00",240806,-29224
"2021-08-03 00:00:00",241287,-29299
"2021-08-04 00:00:00",243584,-29485
"2021-08-05 00:00:00",244919,-29777
"2021-08-06 00:00:00",245451,-29877
"2021-08-07 00:00:00",245929,-30016
"2021-08-08 00:00:00",246815,-30194
"2021-08-09 00:00:00",247320,-30282
"2021-08-10 00:00:00",248194,-30447
"2021-08-11 00:00:00",249009,-30565
"2021-08-12 00:00:00",249478,-30674
"2021-08-13 00:00:00",250385,-30868
"2021-08-14 00:00:00",250862,-30952
"2021-08-15 00:00:00",251289,-31068
"2021-08-16 00:00:00",252142,-31222
"2021-08-17 00:00:00",252583,-31304
"2021-08-18 00:00:00",253446,-31511
"2021-08-19 00:00:00",253949,-31604
"2021-08-20 00:00:00",254418,-31723
"2021-08-21 00:00:00",254868,-31803
"2021-08-22 00:00:00",255379,-31903
"2021-08-23 00:00:00",255917,-32029
"2021-08-24 00:00:00",257129,-32219
"2021-08-25 00:00:00",257836,-32373
"2021-08-26 00:00:00",258379,-32461
"2021-08-27 00:00:00",258849,-32536
"2021-08-28 00:00:00",259841,-32709
"2021-08-29 00:00:00",260373,-32812
"2021-08-30 00:00:00",260993,-32917
"2021-08-31 00:00:00",261658,-33003
"2021-09-01 00:00:00",262057,-33167
"2021-09-02 00:00:00",262461,-33295
"2021-09-03 00:00:00",262907,-33396
"2021-09-04 00:00:00",263355,-33472
"2021-09-05 00:00:00",263825,-33587
"2021-09-06 00:00:00",264273,-33674
"2021-09-07 00:00:00",265102,-33852
"2021-09-08 00:00:00",265520,-33909
"2021-09-09 00:00:00",265889,-33981
"2021-09-10 00:00:00",266263,-34057
"2021-09-11 00:00:00",266747,-34157
"2021-09-12 00:00:00",267271,-34334
"2021-09-13 00:00:00",268247,-34580
"2021-09-14 00:00:00",268674,-34656
"2021-09-15 00:00:00",270095,-35119
"2021-09-16 00:00:00",270713,-35724
"2021-09-17 00:00:00",271153,-36480
"2021-09-18 00:00:00",271586,-37271
"2021-09-19 00:00:00",271963,-37953
"2021-09-20 00:00:00",272402,-38357
"2021-09-21 00:00:00",272756,-38627
"2021-09-22 00:00:00",273496,-39007
"2021-09-23 00:00:00",273834,-39134
"2021-09-24 00:00:00",274122,-39265
"2021-09-25 00:00:00",274469,-39386
"2021-09-26 00:00:00",274865,-39501
"2021-09-27 00:00:00",275272,-39638
"2021-09-28 00:00:00",275592,-39747
"2021-09-29 00:00:00",276157,-39955
"2021-09-30 00:00:00",276411,-40058
"2021-10-01 00:00:00",276695,-40136
"2021-10-02 00:00:00",277011,-40246
"2021-10-03 00:00:00",277391,-40388
"2021-10-04 00:00:00",277755,-40483
"2021-10-05 00:00:00",278031,-40545
"2021-10-06 00:00:00",278370,-40642
"2021-10-07 00:00:00",278612,-40724
"2021-10-08 00:00:00",279247,-40931
"2021-10-09 00:00:00",279535,-41005
"2021-10-10 00:00:00",279841,-41208
"2021-10-11 00:00:00",280032,-41710
"2021-10-12 00:00:00",280258,-42085
"2021-10-13 00:00:00",280467,-42464
"2021-10-14 00:00:00",280467,-42464
"2021-10-15 00:00:00",280989,-43079
"2021-10-16 00:00:00",281191,-43467
"2021-10-17 00:00:00",281718,-44004
"2021-10-18 00:00:00",281939,-44113
"2021-10-19 00:00:00",282169,-44237
"2021-10-20 00:00:00",282698,-44445
"2021-10-21 00:00:00",282997,-44544
"2021-10-22 00:00:00",283263,-44619
"2021-10-23 00:00:00",283788,-44739
"2021-10-24 00:00:00",284117,-44838
"2021-10-25 00:00:00",284418,-44884
"2021-10-26 00:00:00",284717,-44930
"2021-10-27 00:00:00",285045,-44994
"2021-10-28 00:00:00",285288,-45060
"2021-10-29 00:00:00",285570,-45110
"2021-10-30 00:00:00",286256,-45212
"2021-10-31 00:00:00",286624,-45300
"2021-11-01 00:00:00",287022,-45358
"2021-11-02 00:00:00",287565,-45419
"2021-11-03 00:00:00",289639,-45540
"2021-11-04 00:00:00",290246,-45607
"2021-11-05 00:00:00",290715,-45655
"2021-11-06 00:00:00",291207,-45712
"2021-11-07 00:00:00",291706,-45773
"2021-11-08 00:00:00",292128,-45827
"2021-11-09 00:00:00",292469,-45883
"2021-11-10 00:00:00",293043,-45966
"2021-11-11 00:00:00",293359,-46016
"2021-11-12 00:00:00",293720,-46057
"2021-11-13 00:00:00",294044,-46113
"2021-11-14 00:00:00",294401,-46190
"2021-11-15 00:00:00",294726,-46230
"2021-11-16 00:00:00",295221,-46310
"2021-11-17 00:00:00",295490,-46361
"2021-11-18 00:00:00",295739,-46399
"2021-11-19 00:00:00",296016,-46447
"2021-11-20 00:00:00",296315,-46479
"2021-11-21 00:00:00",296718,-46532
"2021-11-22 00:00:00",297067,-46593
"2021-11-23 00:00:00",297355,-46640
"2021-11-24 00:00:00",297689,-46679
"2021-11-25 00:00:00",301004,-46803
"2021-11-26 00:00:00",302146,-46843
"2021-11-27 00:00:00",303412,-46918
"2021-11-28 00:00:00",304564,-46993
"2021-11-29 00:00:00",305540,-47068
"2021-11-30 00:00:00",306338,-47137
"2021-12-01 00:00:00",307057,-47198
"2021-12-02 00:00:00",307579,-47238
"2021-12-03 00:00:00",307847,-47270
"2021-12-04 00:00:00",308404,-47369
"2021-12-05 00:00:00",308739,-47415
"2021-12-06 00:00:00",308966,-47464
"2021-12-07 00:00:00",309184,-47524
"2021-12-08 00:00:00",309781,-47580
"2021-12-09 00:00:00",310177,-47626
"2021-12-10 00:00:00",310443,-47670
"2021-12-11 00:00:00",311004,-47771
"2021-12-12 00:00:00",311333,-47837
"2021-12-13 00:00:00",311560,-47883
"2021-12-14 00:00:00",311786,-47928
"2021-12-15 00:00:00",312025,-47980
"2021-12-16 00:00:00",312312,-48027
"2021-12-17 00:00:00",312590,-48082
"2021-12-18 00:00:00",312881,-48145
"2021-12-19 00:00:00",313487,-48254
"2021-12-20 00:00:00",313733,-48291
"2021-12-21 00:00:00",313991,-48340
"2021-12-22 00:00:00",314254,-48395
"2021-12-23 00:00:00",314586,-48432
"2021-12-24 00:00:00",314952,-48475
"2021-12-25 00:00:00",315230,-48531
"2021-12-26 00:00:00",315584,-48600
"2021-12-27 00:00:00",316029,-48679
"2021-12-28 00:00:00",316429,-48724
"2021-12-29 00:00:00",316866,-48803
"2021-12-30 00:00:00",317279,-48888
"2021-12-31 00:00:00",317782,-48960
"2022-01-01 00:00:00",317782,-48960
"2022-01-02 00:00:00",318701,-49095
"2022-01-03 00:00:00",319075,-49160
"2022-01-04 00:00:00",319433,-49219
"2022-01-05 00:00:00",319777,-49279
"2022-01-06 00:00:00",320118,-49348
"2022-01-07 00:00:00",320437,-49396
"2022-01-08 00:00:00",320809,-49466
"2022-01-09 00:00:00",321200,-49537
"2022-01-10 00:00:00",321540,-49609
"2022-01-11 00:00:00",321878,-49658
"2022-01-12 00:00:00",322212,-49709
"2022-01-13 00:00:00",322861,-49836
"2022-01-14 00:00:00",323159,-49897
"2022-01-15 00:00:00",323565,-49957
"2022-01-16 00:00:00",324013,-50021
"2022-01-17 00:00:00",324398,-50099
"2022-01-18 00:00:00",324776,-50161
"2022-01-19 00:00:00",325143,-50207
"2022-01-20 00:00:00",325477,-50272
"2022-01-21 00:00:00",325838,-50331
"2022-01-22 00:00:00",326180,-50390
"2022-01-23 00:00:00",326601,-50475
"2022-01-24 00:00:00",327065,-50540
"2022-01-25 00:00:00",327385,-50593
"2022-01-26 00:00:00",327731,-50654
"2022-01-27 00:00:00",328043,-50715
"2022-01-28 00:00:00",328549,-50763
"2022-01-29 00:00:00",328945,-50834
"2022-01-30 00:00:00",329505,-50932
"2022-01-31 00:00:00",330089,-51022
"2022-02-01 00:00:00",330550,-51067
"2022-02-02 00:00:00",330990,-51137
"2022-02-03 00:00:00",331423,-51199
"2022-02-04 00:00:00",331857,-51259
"2022-02-05 00:00:00",332393,-51331
"2022-02-06 00:00:00",332955,-51403
"2022-02-07 00:00:00",333506,-51499
"2022-02-08 00:00:00",334134,-51555
"2022-02-09 00:00:00",336888,-51694
"2022-02-10 00:00:00",339055,-52045
"2022-02-11 00:00:00",339695,-52163
"2022-02-12 00:00:00",340482,-52281
"2022-02-13 00:00:00",341188,-52372
"2022-02-14 00:00:00",341717,-52468
"2022-02-15 00:00:00",342275,-52541
"2022-02-16 00:00:00",342856,-52640
"2022-02-17 00:00:00",343445,-52718
"2022-02-18 00:00:00",344001,-52790
"2022-02-19 00:00:00",344633,-52902
"2022-02-20 00:00:00",345364,-53032
"2022-02-21 00:00:00",346042,-53126
"2022-02-22 00:00:00",346630,-53198
"2022-02-23 00:00:00",347570,-53329
"2022-02-24 00:00:00",348362,-53456
"2022-02-25 00:00:00",348866,-53522
"2022-02-26 00:00:00",349454,-53601
"2022-02-27 00:00:00",350150,-53680
"2022-02-28 00:00:00",350745,-53769
"2022-03-01 00:00:00",351265,-53821
"2022-03-02 00:00:00",351905,-53902
"2022-03-03 00:00:00",352377,-53952
"2022-03-04 00:00:00",352846,-54010
"2022-03-05 00:00:00",353805,-54175
"2022-03-06 00:00:00",354402,-54233
"2022-03-07 00:00:00",354918,-54299
"2022-03-08 00:00:00",355299,-54699
"2022-03-09 00:00:00",355728,-54772
"2022-03-10 00:00:00",356191,-54840
"2022-03-11 00:00:00",356584,-54896
"2022-03-12 00:00:00",357080,-54982
"2022-03-13 00:00:00",357715,-55058
"2022-03-14 00:00:00",358187,-55128
"2022-03-15 00:00:00",358891,-55238
"2022-03-16 00:00:00",359401,-55316
"2022-03-17 00:00:00",359878,-55366
"2022-03-18 00:00:00",361203,-55501
"2022-03-19 00:00:00",362449,-55664
"2022-03-20 00:00:00",363222,-55756
"2022-03-21 00:00:00",363787,-55842
"2022-03-22 00:00:00",364197,-55904
"2022-03-23 00:00:00",364608,-55969
"2022-03-24 00:00:00",365008,-56048
"2022-03-25 00:00:00",365814,-56162
"2022-03-26 00:00:00",366275,-56238
"2022-03-27 00:00:00",366765,-56326
"2022-03-28 00:00:00",367176,-56380
"2022-03-29 00:00:00",367557,-56435
"2022-03-30 00:00:00",369177,-56606
"2022-03-31 00:00:00",369909,-56701
"2022-04-01 00:00:00",370428,-56803
"2022-04-02 00:00:00",370899,-56897
"2022-04-03 00:00:00",371380,-56959
"2022-04-04 00:00:00",371819,-57027
"2022-04-05 00:00:00",372270,-57081
"2022-04-06 00:00:00",372657,-57147
"2022-04-07 00:00:00",372979,-57188
"2022-04-08 00:00:00",373659,-57292
"2022-04-09 00:00:00",374030,-57360
"2022-04-10 00:00:00",374459,-57422
"2022-04-11 00:00:00",374803,-57497
"2022-04-12 00:00:00",375378,-57552
"2022-04-13 00:00:00",375762,-57629
"2022-04-14 00:00:00",376141,-57694
"2022-04-15 00:00:00",376502,-57750
"2022-04-16 00:00:00",376899,-57799
"2022-04-17 00:00:00",377322,-57893
"2022-04-18 00:00:00",377763,-57941
"2022-04-19 00:00:00",378142,-58000
"2022-04-20 00:00:00",378528,-58048
"2022-04-21 00:00:00",379185,-58159
"2022-04-22 00:00:00",379440,-58207
"2022-04-23 00:00:00",379780,-58279
"2022-04-24 00:00:00",380191,-58335
"2022-04-25 00:00:00",380501,-58399
"2022-04-26 00:00:00",380834,-58453
"2022-04-27 00:00:00",381110,-58508
"2022-04-28 00:00:00",381421,-58558
"2022-04-29 00:00:00",381696,-58603
"2022-04-30 00:00:00",382032,-58654
"2022-05-01 00:00:00",382380,-58687
"2022-05-02 00:00:00",382717,-58740
"2022-05-03 00:00:00",383339,-58839
"2022-05-04 00:00:00",383666,-58879
"2022-05-05 00:00:00",384082,-58925
"2022-05-06 00:00:00",384359,-58974
"2022-05-07 00:00:00",384665,-59034
"2022-05-08 00:00:00",385079,-59097
"2022-05-09 00:00:00",385455,-59137
"2022-05-10 00:00:00",385857,-59181
"2022-05-11 00:00:00",387839,-59327
"2022-05-12 00:00:00",388680,-59523
"2022-05-13 00:00:00",389100,-59636
"2022-05-14 00:00:00",389513,-59766
"2022-05-15 00:00:00",390042,-59925
"2022-05-16 00:00:00",390528,-60068
"2022-05-17 00:00:00",390857,-60162
"2022-05-18 00:00:00",391538,-60349
"2022-05-19 00:00:00",391859,-60426
"2022-05-20 00:00:00",392194,-60519
"2022-05-21 00:00:00",392612,-60637
"2022-05-22 00:00:00",393145,-60737
"2022-05-23 00:00:00",393601,-60856
"2022-05-24 00:00:00",394073,-60955
"2022-05-25 00:00:00",394458,-61033
"2022-05-26 00:00:00",394815,-61104
"2022-05-27 00:00:00",395175,-61193
"2022-05-28 00:00:00",395567,-61282
"2022-05-29 00:00:00",396004,-61379
"2022-05-30 00:00:00",396402,-61449
"2022-05-31 00:00:00",396778,-61535
"2022-06-01 00:00:00",397114,-61627
"2022-06-02 00:00:00",397446,-61700
"2022-06-03 00:00:00",397825,-61784
"2022-06-04 00:00:00",398188,-61892
"2022-06-05 00:00:00",398573,-61988
"2022-06-06 00:00:00",398988,-62124
"2022-06-07 00:00:00",399367,-62237
"2022-06-08 00:00:00",399840,-62367
"2022-06-09 00:00:00",400222,-62459
"2022-06-10 00:00:00",400803,-62619
"2022-06-11 00:00:00",401156,-62672
"2022-06-12 00:00:00",401488,-62741
"2022-06-13 00:00:00",401809,-62798
"2022-06-14 00:00:00",402111,-62902
"2022-06-15 00:00:00",402446,-62966
"2022-06-16 00:00:00",402742,-63035
"2022-06-17 00:00:00",403064,-63105
"2022-06-18 00:00:00",403385,-63195
"2022-06-19 00:00:00",403756,-63282
"2022-06-20 00:00:00",404093,-63362
"2022-06-21 00:00:00",404471,-63436
"2022-06-22 00:00:00",405575,-63644
"2022-06-23 00:00:00",406071,-63799
"2022-06-24 00:00:00",406438,-63882
"2022-06-25 00:00:00",406790,-64007
"2022-06-26 00:00:00",407158,-64116
"2022-06-27 00:00:00",407519,-64224
"2022-06-28 00:00:00",407855,-64316
"2022-06-29 00:00:00",408199,-64387
"2022-06-30 00:00:00",408564,-64497
"2022-07-01 00:00:00",408914,-64590
"2022-07-02 00:00:00",409242,-64674
"2022-07-03 00:00:00",409531,-64780
"2022-07-04 00:00:00",409837,-64884
"2022-07-05 00:00:00",410086,-64987
"2022-07-06 00:00:00",410431,-65068
"2022-07-07 00:00:00",410773,-65157
"2022-07-08 00:00:00",411048,-65249
"2022-07-09 00:00:00",411317,-65340
"2022-07-10 00:00:00",411581,-65463
"2022-07-11 00:00:00",411825,-65569
"2022-07-12 00:00:00",412092,-65652
"2022-07-13 00:00:00",412358,-65722
"2022-07-14 00:00:00",412643,-65816
"2022-07-15 00:00:00",412940,-65888
"2022-07-16 00:00:00",413205,-65942
"2022-07-17 00:00:00",413450,-66030
"2022-07-18 00:00:00",413737,-66109
"2022-07-19 00:00:00",414034,-66159
"2022-07-20 00:00:00",414346,-66253
"2022-07-21 00:00:00",414633,-66323
"2022-07-22 00:00:00",414885,-66410
"2022-07-23 00:00:00",415226,-66521
"2022-07-24 00:00:00",415524,-66608
"2022-07-25 00:00:00",415524,-66608
"2022-07-26 00:00:00",416125,-66788
"2022-07-27 00:00:00",416400,-66855
"2022-07-28 00:00:00",417167,-67033
"2022-07-29 00:00:00",417498,-67147
"2022-07-30 00:00:00",417802,-67231
"2022-07-31 00:00:00",418154,-67323
"2022-08-01 00:00:00",418445,-67436
"2022-08-02 00:00:00",418798,-67543
"2022-08-03 00:00:00",419123,-67654
"2022-08-04 00:00:00",419435,-67760
"2022-08-05 00:00:00",419768,-67826
"2022-08-06 00:00:00",420111,-67921
"2022-08-07 00:00:00",420434,-68009
"2022-08-08 00:00:00",420832,-68094
"2022-08-09 00:00:00",420832,-68094
"2022-08-10 00:00:00",422222,-68301
"2022-08-11 00:00:00",423839,-68688
"2022-08-12 00:00:00",424281,-68813
"2022-08-13 00:00:00",424752,-68942
"2022-08-14 00:00:00",424752,-68942
"2022-08-15 00:00:00",424752,-68942
"2022-08-16 00:00:00",425626,-69164
"2022-08-17 00:00:00",426081,-69259
"2022-08-18 00:00:00",426474,-69368
"2022-08-19 00:00:00",426859,-69477
"2022-08-20 00:00:00",427233,-69564
"2022-08-21 00:00:00",427673,-69672
"2022-08-22 00:00:00",428086,-69780
"2022-08-23 00:00:00",428570,-69872
"2022-08-24 00:00:00",429024,-69970
"2022-08-25 00:00:00",429332,-70062
"2022-08-26 00:00:00",429652,-70132
"2022-08-27 00:00:00",429985,-70207
"2022-08-28 00:00:00",430379,-70301
"2022-08-29 00:00:00",430818,-70405
"2022-08-30 00:00:00",431207,-70487
"2022-08-31 00:00:00",431551,-70559
"2022-09-01 00:00:00",431894,-70651
"2022-09-02 00:00:00",432182,-70708
"2022-09-03 00:00:00",432529,-70800
"2022-09-04 00:00:00",432932,-70881
"2022-09-05 00:00:00",433294,-70969
"2022-09-06 00:00:00",433602,-71048
"2022-09-07 00:00:00",433965,-71139
"2022-09-08 00:00:00",434291,-71188
"2022-09-09 00:00:00",434291,-71188
"2022-09-10 00:00:00",434986,-71341
"2022-09-11 00:00:00",435422,-71461
"2022-09-12 00:00:00",435764,-71537
"2022-09-13 00:00:00",436060,-71614
"2022-09-14 00:00:00",436336,-71686
"2022-09-15 00:00:00",436624,-71769
"2022-09-16 00:00:00",436918,-71816
"2022-09-17 00:00:00",437307,-71919
"2022-09-18 00:00:00",437706,-72011
"2022-09-19 00:00:00",437706,-72011
"2022-09-20 00:00:00",437986,-72084
"2022-09-21 00:00:00",438540,-72195
"2022-09-22 00:00:00",438540,-72195
"2022-09-23 00:00:00",439338,-72396
"2022-09-24 00:00:00",439720,-72472
"2022-09-25 00:00:00",440082,-72581
"2022-09-26 00:00:00",440464,-72678
"2022-09-27 00:00:00",440741,-72762
"2022-09-28 00:00:00",441036,-72843
"2022-09-29 00:00:00",441298,-72959
"2022-09-30 00:00:00",441647,-73035
"2022-10-01 00:00:00",441944,-73164
"2022-10-02 00:00:00",442293,-73332
"2022-10-03 00:00:00",442638,-73461
"2022-10-04 00:00:00",442922,-73567
"2022-10-05 00:00:00",443217,-73637
"2022-10-06 00:00:00",443450,-73715
"2022-10-07 00:00:00",443701,-73802
"2022-10-08 00:00:00",443939,-73888
"2022-10-09 00:00:00",444239,-73970
"2022-10-10 00:00:00",444452,-74041
"2022-10-11 00:00:00",444675,-74100
"2022-10-12 00:00:00",444878,-74165
"2022-10-13 00:00:00",445181,-74252
"2022-10-14 00:00:00",445425,-74329
"2022-10-15 00:00:00",445425,-74329
"2022-10-16 00:00:00",445673,-74401
"2022-10-17 00:00:00",445902,-74485
"2022-10-18 00:00:00",446075,-74562
"2022-10-19 00:00:00",446293,-74655
"2022-10-20 00:00:00",446472,-74719
"2022-10-21 00:00:00",446640,-74813
"2022-10-22 00:00:00",446826,-74889
"2022-10-23 00:00:00",447084,-74960
"2022-10-24 00:00:00",447326,-75040
"2022-10-25 00:00:00",447523,-75123
"2022-10-26 00:00:00",447669,-75176
"2022-10-27 00:00:00",447833,-75230
"2022-10-28 00:00:00",447833,-75230
"2022-10-29 00:00:00",448005,-75289
"2022-10-30 00:00:00",448195,-75351
"2022-10-31 00:00:00",448412,-75416
"2022-11-01 00:00:00",448605,-75469
"2022-11-02 00:00:00",449428,-75651
"2022-11-03 00:00:00",449763,-75898
"2022-11-04 00:00:00",450017,-76137
"2022-11-05 00:00:00",450298,-76356
"2022-11-06 00:00:00",450602,-76680
"2022-11-07 00:00:00",450602,-76680
"2022-11-08 00:00:00",450786,-76889
"2022-11-09 00:00:00",451000,-77071
"2022-11-10 00:00:00",451195,-77242
"2022-11-11 00:00:00",451357,-77366
"2022-11-12 00:00:00",451613,-77528
"2022-11-13 00:00:00",451843,-77739
"2022-11-14 00:00:00",452049,-77898
"2022-11-15 00:00:00",452302,-77976
"2022-11-16 00:00:00",452496,-78061
"2022-11-17 00:00:00",452674,-78106
"2022-11-18 00:00:00",452832,-78151
"2022-11-19 00:00:00",453038,-78225
"2022-11-20 00:00:00",453243,-78297
"2022-11-21 00:00:00",453414,-78341
"2022-11-22 00:00:00",454032,-78420
"2022-11-23 00:00:00",455818,-78555
"2022-11-24 00:00:00",456773,-78692
"2022-11-25 00:00:00",456773,-78692
"2022-11-26 00:00:00",456773,-78692
"2022-11-27 00:00:00",458267,-78883
"2022-11-28 00:00:00",458928,-78965
"2022-11-29 00:00:00",459449,-79062
"2022-11-30 00:00:00",459777,-79134
"2022-12-01 00:00:00",459938,-79197
"2022-12-02 00:00:00",460144,-79266
"2022-12-03 00:00:00",460516,-79374
"2022-12-04 00:00:00",460890,-79516
"2022-12-05 00:00:00",461206,-79639
"2022-12-06 00:00:00",461471,-79763
"2022-12-07 00:00:00",461676,-79855
"2022-12-08 00:00:00",463023,-81134
"2022-12-09 00:00:00",463750,-81766
"2022-12-10 00:00:00",464252,-82159
"2022-12-11 00:00:00",464746,-82435
"2022-12-12 00:00:00",465211,-82657
"2022-12-13 00:00:00",465211,-82657
"2022-12-14 00:00:00",465562,-82858
"2022-12-15 00:00:00",466066,-83059
"2022-12-16 00:00:00",466469,-83238
"2022-12-17 00:00:00",466842,-83440
"2022-12-18 00:00:00",467251,-83629
"2022-12-19 00:00:00",467652,-83807
"2022-12-20 00:00:00",468016,-83988
"2022-12-21 00:00:00",468395,-84162
"2022-12-22 00:00:00",468395,-84162
"2022-12-23 00:00:00",468805,-84327
"2022-12-24 00:00:00",469348,-84551
"2022-12-25 00:00:00",469848,-84799
"2022-12-26 00:00:00",470412,-85052
"2022-12-27 00:00:00",471014,-85332
"2022-12-28 00:00:00",471547,-85589
"2022-12-29 00:00:00",471547,-85589
"2022-12-30 00:00:00",471547,-85589
"2022-12-31 00:00:00",472530,-86102
"2023-01-01 00:00:00",472530,-86102
"2023-01-02 00:00:00",473911,-86815
"2023-01-03 00:00:00",474559,-87076
"2023-01-04 00:00:00",475161,-87352
"2023-01-05 00:00:00",475764,-87597
"2023-01-06 00:00:00",475764,-87597
"2023-01-07 00:00:00",476291,-87850
"2023-01-08 00:00:00",476843,-88131
"2023-01-09 00:00:00",477375,-88399
"2023-01-10 00:00:00",477855,-88647
"2023-01-11 00:00:00",478936,-89636
"2023-01-12 00:00:00",479531,-90434
"2023-01-13 00:00:00",479974,-90757
"2023-01-14 00:00:00",480425,-91014
"2023-01-15 00:00:00",480902,-91244
"2023-01-16 00:00:00",480902,-91244
"2023-01-17 00:00:00",481334,-91482
"2023-01-18 00:00:00",481742,-91698
"2023-01-19 00:00:00",482114,-91929
"2023-01-20 00:00:00",482475,-92197
"2023-01-21 00:00:00",482871,-92477
"2023-01-22 00:00:00",483278,-92741
"2023-01-23 00:00:00",483639,-93045
"2023-01-24 00:00:00",484406,-93390
"2023-01-25 00:00:00",484406,-93390
"2023-01-26 00:00:00",485049,-93729
"2023-01-27 00:00:00",485049,-93729
"2023-01-28 00:00:00",485049,-93729
"2023-01-29 00:00:00",486240,-94227
"2023-01-30 00:00:00",486755,-94433
"2023-01-31 00:00:00",487176,-94669
"2023-02-01 00:00:00",487636,-94884
"2023-02-02 00:00:00",488105,-95097
"2023-02-03 00:00:00",488729,-95351
"2023-02-04 00:00:00",489244,-95587
"2023-02-05 00:00:00",489244,-95587
"2023-02-06 00:00:00",489741,-95853
"2023-02-07 00:00:00",490136,-96107
"2023-02-08 00:00:00",490548,-96340
"2023-02-09 00:00:00",491008,-96605
"2023-02-10 00:00:00",491429,-96872
"2023-02-11 00:00:00",492084,-97184
"2023-02-12 00:00:00",492679,-97462
"2023-02-13 00:00:00",492679,-97462
"2023-02-14 00:00:00",493199,-97686
"2023-02-15 00:00:00",495108,-98142
"2023-02-16 00:00:00",495108,-98142
"2023-02-17 00:00:00",497191,-99088
"2023-02-18 00:00:00",498049,-99496
"2023-02-19 00:00:00",498049,-99496
"2023-02-20 00:00:00",498902,-99870
"2023-02-21 00:00:00",499728,-100192
"2023-02-22 00:00:00",500294,-100451
"2023-02-23 00:00:00",500294,-100451
"2023-02-24 00:00:00",500892,-100695
"2023-02-25 00:00:00",501476,-100901
"2023-02-26 00:00:00",502207,-101155
"2023-02-27 00:00:00",502886,-101367
"2023-02-28 00:00:00",503433,-101572
"2023-03-01 00:00:00",504177,-101828
"2023-03-02 00:00:00",504731,-102031
"2023-03-03 00:00:00",505222,-102240
"2023-03-04 00:00:00",505850,-102477
"2023-03-05 00:00:00",505850,-102477
"2023-03-06 00:00:00",506410,-102686
"2023-03-07 00:00:00",506823,-102875
"2023-03-08 00:00:00",507455,-103102
"2023-03-09 00:00:00",507966,-103271
"2023-03-10 00:00:00",508429,-103477
"2023-03-11 00:00:00",509068,-103709
"2023-03-12 00:00:00",509676,-104033
"2023-03-13 00:00:00",509676,-104033
"2023-03-14 00:00:00",510084,-104286
"2023-03-15 00:00:00",510521,-104452
"2023-03-16 00:00:00",510964,-104627
"2023-03-17 00:00:00",511417,-104820
"2023-03-18 00:00:00",512126,-105104
"2023-03-19 00:00:00",512760,-105342
"2023-03-20 00:00:00",512760,-105342
"2023-03-21 00:00:00",513176,-105535
"2023-03-22 00:00:00",513660,-105734
"2023-03-23 00:00:00",514117,-105921
"2023-03-24 00:00:00",514678,-106132
"2023-03-25 00:00:00",515275,-106351
"2023-03-26 00:00:00",515275,-106351
"2023-03-27 00:00:00",515808,-106549
"2023-03-28 00:00:00",516224,-106703
"2023-03-29 00:00:00",517051,-106915
"2023-03-30 00:00:00",517641,-107184
"2023-03-31 00:00:00",518201,-107468
"2023-04-01 00:00:00",518201,-107468
"2023-04-02 00:00:00",518768,-107723
"2023-04-03 00:00:00",519262,-107934
"2023-04-04 00:00:00",519686,-108118
"2023-04-05 00:00:00",520282,-108398
"2023-04-06 00:00:00",520683,-108577
"2023-04-07 00:00:00",521179,-108810
"2023-04-08 00:00:00",521179,-108810
"2023-04-09 00:00:00",521621,-109034
"2023-04-10 00:00:00",522034,-109209
"2023-04-11 00:00:00",522560,-109404
"2023-04-12 00:00:00",522985,-109614
"2023-04-13 00:00:00",522985,-109614
"2023-04-14 00:00:00",523297,-109790
"2023-04-15 00:00:00",523652,-109970
"2023-04-16 00:00:00",524101,-110212
"2023-04-17 00:00:00",524497,-110421
"2023-04-18 00:00:00",524826,-110618
"2023-04-19 00:00:00",525151,-110796
"2023-04-20 00:00:00",525637,-111000
"2023-04-21 00:00:00",525637,-111000
"2023-04-22 00:00:00",526009,-111198
"2023-04-23 00:00:00",526401,-111488
"2023-04-24 00:00:00",526760,-111704
"2023-04-25 00:00:00",527040,-111921
"2023-04-26 00:00:00",527346,-112118
"2023-04-27 00:00:00",527572,-112292
"2023-04-28 00:00:00",527572,-112292
"2023-04-29 00:00:00",527856,-112463
"2023-04-30 00:00:00",528235,-112687
"2023-05-01 00:00:00",528632,-112924
"2023-05-02 00:00:00",528983,-113099
"2023-05-03 00:00:00",529312,-113259
"2023-05-04 00:00:00",529312,-113259
"2023-05-05 00:00:00",529766,-113578
"2023-05-06 00:00:00",530097,-113763
"2023-05-07 00:00:00",530568,-113981
"2023-05-08 00:00:00",530893,-114143
"2023-05-09 00:00:00",531789,-114385
"2023-05-10 00:00:00",531789,-114385
"2023-05-11 00:00:00",532618,-114820
"2023-05-12 00:00:00",532950,-115062
"2023-05-13 00:00:00",533346,-115339
"2023-05-14 00:00:00",533791,-115609
"2023-05-15 00:00:00",534119,-115808
"2023-05-16 00:00:00",534119,-115808
"2023-05-17 00:00:00",534395,-115938
"2023-05-18 00:00:00",534661,-116090
"2023-05-19 00:00:00",534945,-116242
"2023-05-20 00:00:00",535298,-116429
"2023-05-21 00:00:00",535748,-116828
"2023-05-22 00:00:00",535748,-116828
"2023-05-23 00:00:00",536216,-117186
"2023-05-24 00:00:00",536754,-117665
"2023-05-25 00:00:00",537085,-118103
"2023-05-26 00:00:00",537428,-118543
"2023-05-27 00:00:00",537858,-118971
"2023-05-28 00:00:00",537858,-118971
"2023-05-29 00:00:00",538237,-119350
"2023-05-30 00:00:00",538569,-119654
"2023-05-31 00:00:00",538859,-120029
"2023-06-01 00:00:00",539185,-120398
"2023-06-02 00:00:00",539737,-120787
"2023-06-03 00:00:00",539737,-120787
"2023-06-04 00:00:00",539737,-120787
"2023-06-05 00:00:00",540471,-121477
"2023-06-06 00:00:00",540774,-121785
"2023-06-07 00:00:00",541134,-122146
"2023-06-08 00:00:00",541419,-122426
"2023-06-09 00:00:00",541419,-122426
"2023-06-10 00:00:00",541729,-122670
"2023-06-11 00:00:00",542076,-122987
"2023-06-12 00:00:00",542370,-123335
"2023-06-13 00:00:00",542696,-123561
"2023-06-14 00:00:00",542957,-123752
"2023-06-15 00:00:00",542957,-123752
"2023-06-16 00:00:00",543279,-123917
"2023-06-17 00:00:00",543679,-124062
"2023-06-18 00:00:00",543679,-124062
"2023-06-19 00:00:00",544398,-124440
"2023-06-20 00:00:00",544909,-124629
"2023-06-21 00:00:00",544909,-124629
"2023-06-22 00:00:00",545662,-124915
"2023-06-23 00:00:00",546146,-125190
"2023-06-24 00:00:00",546606,-125476
"2023-06-25 00:00:00",547033,-125707
"2023-06-26 00:00:00",547033,-125707
"2023-06-27 00:00:00",547488,-125899
"2023-06-28 00:00:00",547914,-126068
"2023-06-29 00:00:00",548304,-126271
"2023-06-30 00:00:00",548304,-126271
"2023-07-01 00:00:00",549076,-126512
"2023-07-02 00:00:00",549597,-126749
"2023-07-03 00:00:00",550097,-126950
"2023-07-04 00:00:00",550097,-126950
"2023-07-05 00:00:00",550472,-127132
"2023-07-06 00:00:00",550883,-127359
"2023-07-07 00:00:00",551281,-127573
"2023-07-08 00:00:00",551734,-127827
"2023-07-09 00:00:00",551734,-127827
"2023-07-10 00:00:00",552160,-128041
"2023-07-11 00:00:00",552575,-128293
"2023-07-12 00:00:00",552575,-128293
"2023-07-13 00:00:00",552952,-128482
"2023-07-14 00:00:00",553338,-128644
"2023-07-15 00:00:00",553726,-128847
"2023-07-16 00:00:00",553726,-128847
"2023-07-17 00:00:00",554100,-128983
"2023-07-18 00:00:00",554486,-129140
"2023-07-19 00:00:00",554866,-129339
"2023-07-20 00:00:00",554866,-129339
"2023-07-21 00:00:00",554866,-129339
"2023-07-22 00:00:00",555727,-129708
"2023-07-23 00:00:00",556097,-129889
"2023-07-24 00:00:00",556421,-130065
"2023-07-25 00:00:00",556421,-130065
"2023-07-26 00:00:00",556840,-130257
"2023-07-27 00:00:00",557259,-130412
"2023-07-28 00:00:00",557609,-130583
"2023-07-29 00:00:00",557609,-130583
"2023-07-30 00:00:00",557967,-130741
"2023-07-31 00:00:00",558305,-130889
"2023-08-01 00:00:00",558707,-131064
"2023-08-02 00:00:00",559069,-131230
"2023-08-03 00:00:00",559069,-131230
"2023-08-04 00:00:00",559440,-131375
"2023-08-05 00:00:00",559803,-131563
"2023-08-06 00:00:00",560213,-131795
"2023-08-07 00:00:00",560213,-131795
"2023-08-08 00:00:00",560645,-131974
"2023-08-09 00:00:00",562107,-132423
"2023-08-10 00:00:00",562765,-132838
"2023-08-11 00:00:00",562765,-132838
"2023-08-12 00:00:00",563282,-133160
"2023-08-13 00:00:00",563871,-133641
"2023-08-14 00:00:00",563871,-133641
"2023-08-15 00:00:00",563871,-133641
"2023-08-16 00:00:00",563871,-133641
"2023-08-17 00:00:00",565242,-134965
"2023-08-18 00:00:00",565748,-135415
"2023-08-19 00:00:00",565748,-135415
"2023-08-20 00:00:00",565748,-135415
"2023-08-21 00:00:00",566642,-136216
"2023-08-22 00:00:00",567205,-136772
"2023-08-23 00:00:00",567205,-136772
"2023-08-24 00:00:00",567603,-137127
"2023-08-25 00:00:00",567991,-137480
"2023-08-26 00:00:00",568429,-137990
"2023-08-27 00:00:00",568429,-137990
"2023-08-28 00:00:00",568837,-138446
"2023-08-29 00:00:00",569204,-138772
"2023-08-30 00:00:00",569595,-139210
"2023-08-31 00:00:00",569595,-139210
"2023-09-01 00:00:00",570014,-139516
"2023-09-02 00:00:00",570400,-139827
"2023-09-03 00:00:00",570832,-140175
"2023-09-04 00:00:00",571155,-140409
"2023-09-05 00:00:00",571155,-140409
"2023-09-06 00:00:00",571452,-140619
"2023-09-07 00:00:00",571781,-140857
"2023-09-08 00:00:00",572076,-141121
"2023-09-09 00:00:00",572076,-141121
"2023-09-10 00:00:00",572447,-141349
"2023-09-11 00:00:00",572814,-141600
"2023-09-12 00:00:00",573192,-141812
"2023-09-13 00:00:00",573192,-141812
"2023-09-14 00:00:00",573578,-142018
"2023-09-15 00:00:00",573891,-142200
"2023-09-16 00:00:00",574311,-142486
"2023-09-17 00:00:00",574311,-142486
"2023-09-18 00:00:00",574311,-142486
"2023-09-19 00:00:00",575033,-142955
"2023-09-20 00:00:00",575802,-143307
"2023-09-21 00:00:00",576192,-143544
"2023-09-22 00:00:00",576192,-143544
"2023-09-23 00:00:00",576543,-143754
"2023-09-24 00:00:00",576543,-143754
"2023-09-25 00:00:00",576543,-143754
"2023-09-26 00:00:00",577373,-144269
"2023-09-27 00:00:00",577649,-144444
"2023-09-28 00:00:00",577988,-144645
"2023-09-29 00:00:00",577988,-144645
"2023-09-30 00:00:00",578320,-144820
"2023-10-01 00:00:00",578675,-145012
"2023-10-02 00:00:00",579121,-145233
"2023-10-03 00:00:00",579121,-145233
"2023-10-04 00:00:00",579587,-145456
"2023-10-05 00:00:00",579944,-145675
"2023-10-06 00:00:00",580378,-145933
"2023-10-07 00:00:00",580378,-145933
"2023-10-08 00:00:00",580732,-146110
"2023-10-09 00:00:00",581122,-146301
"2023-10-10 00:00:00",581486,-146499
"2023-10-11 00:00:00",581486,-146499
"2023-10-12 00:00:00",581812,-146643
"2023-10-13 00:00:00",582366,-146860
"2023-10-14 00:00:00",583137,-147295
"2023-10-15 00:00:00",583137,-147295
"2023-10-16 00:00:00",583538,-147516
"2023-10-17 00:00:00",583851,-147697
"2023-10-18 00:00:00",584166,-147878
"2023-10-19 00:00:00",584166,-147878
"2023-10-20 00:00:00",584452,-148039
"2023-10-21 00:00:00",584895,-148317
"2023-10-22 00:00:00",584895,-148317
"2023-10-23 00:00:00",584895,-148317
"2023-10-24 00:00:00",585561,-148676
"2023-10-25 00:00:00",585857,-148869
"2023-10-26 00:00:00",586155,-149023
"2023-10-27 00:00:00",586155,-149023
"2023-10-28 00:00:00",586445,-149220
"2023-10-29 00:00:00",586858,-149424
"2023-10-30 00:00:00",587274,-149639
"2023-10-31 00:00:00",587274,-149639
"2023-11-01 00:00:00",588199,-149901
"2023-11-02 00:00:00",588954,-150552
"2023-11-03 00:00:00",589429,-150939
"2023-11-04 00:00:00",589429,-150939
"2023-11-05 00:00:00",589836,-151290
"2023-11-06 00:00:00",590187,-151578
"2023-11-07 00:00:00",590187,-151578
"2023-11-08 00:00:00",590440,-151816
"2023-11-09 00:00:00",590784,-152019
"2023-11-10 00:00:00",591287,-152506
"2023-11-11 00:00:00",591287,-152506
"2023-11-12 00:00:00",591628,-152696
"2023-11-13 00:00:00",591936,-152939
"2023-11-14 00:00:00",591936,-152939
"2023-11-15 00:00:00",592170,-153122
"2023-11-16 00:00:00",592424,-153302
"2023-11-17 00:00:00",592424,-153302
"2023-11-18 00:00:00",592671,-153465
"2023-11-19 00:00:00",593003,-153740
"2023-11-20 00:00:00",593003,-153740
"2023-11-21 00:00:00",593307,-153930
"2023-11-22 00:00:00",599152,-154774
"2023-11-23 00:00:00",599152,-154774
"2023-11-24 00:00:00",602183,-155234
"2023-11-25 00:00:00",604872,-155709
"2023-11-26 00:00:00",604872,-155709
"2023-11-27 00:00:00",606572,-156037
"2023-11-28 00:00:00",607872,-156318
"2023-11-29 00:00:00",607872,-156318
"2023-11-30 00:00:00",608100,-156465
"2023-12-01 00:00:00",608338,-156655
"2023-12-02 00:00:00",608338,-156655
"2023-12-03 00:00:00",608675,-156868
"2023-12-04 00:00:00",609003,-157061
"2023-12-05 00:00:00",609003,-157061
"2023-12-06 00:00:00",609289,-157216
"2023-12-07 00:00:00",609586,-157427
"2023-12-08 00:00:00",609586,-157427
"2023-12-09 00:00:00",609800,-157629
"2023-12-10 00:00:00",610211,-157885
"2023-12-11 00:00:00",610211,-157885
"2023-12-12 00:00:00",610443,-158043
"2023-12-13 00:00:00",610687,-158265
"2023-12-14 00:00:00",610687,-158265
"2023-12-15 00:00:00",610910,-158410
"2023-12-16 00:00:00",611173,-158642
"2023-12-17 00:00:00",611173,-158642
"2023-12-18 00:00:00",611411,-158841
"2023-12-19 00:00:00",611684,-159042
"2023-12-20 00:00:00",611684,-159042
"2023-12-21 00:00:00",611842,-159173
"2023-12-22 00:00:00",612162,-159345
"2023-12-23 00:00:00",612162,-159345
"2023-12-24 00:00:00",612467,-159543
"2023-12-25 00:00:00",612777,-159750
"2023-12-26 00:00:00",612777,-159750
"2023-12-27 00:00:00",613083,-159923
"2023-12-28 00:00:00",613083,-159923
"2023-12-29 00:00:00",613427,-160132
"2023-12-30 00:00:00",613786,-160376
"2023-12-31 00:00:00",613786,-160376
"2024-01-01 00:00:00",614158,-160635
"2024-01-02 00:00:00",614562,-160884
"2024-01-03 00:00:00",614562,-160884
"2024-01-04 00:00:00",614850,-161071
"2024-01-05 00:00:00",615139,-161318
"2024-01-06 00:00:00",615139,-161318
"2024-01-07 00:00:00",615440,-161558
"2024-01-08 00:00:00",615769,-161854
"2024-01-09 00:00:00",615769,-161854
"2024-01-10 00:00:00",616192,-162211
"2024-01-11 00:00:00",616597,-162641
"2024-01-12 00:00:00",616597,-162641
"2024-01-13 00:00:00",616905,-162936
"2024-01-14 00:00:00",617238,-163237
"2024-01-15 00:00:00",617238,-163237
"2024-01-16 00:00:00",617570,-163486
"2024-01-17 00:00:00",617873,-163750
"2024-01-18 00:00:00",617873,-163750
"2024-01-19 00:00:00",618139,-163976
"2024-01-20 00:00:00",618139,-163976
"2024-01-21 00:00:00",618505,-164259
"2024-01-22 00:00:00",618809,-164485
"2024-01-23 00:00:00",618809,-164485
"2024-01-24 00:00:00",619083,-164710
"2024-01-25 00:00:00",619388,-164946
"2024-01-26 00:00:00",619388,-164946
"2024-01-27 00:00:00",619683,-165183
"2024-01-28 00:00:00",619683,-165183
"2024-01-29 00:00:00",620098,-165479
"2024-01-30 00:00:00",620372,-165712
"2024-01-31 00:00:00",620372,-165712
"2024-02-01 00:00:00",620625,-165959
"2024-02-02 00:00:00",620943,-166233
"2024-02-03 00:00:00",620943,-166233
"2024-02-04 00:00:00",621244,-166453
"2024-02-05 00:00:00",621605,-166675
"2024-02-06 00:00:00",621605,-166675
"2024-02-07 00:00:00",621875,-166835
"2024-02-08 00:00:00",622186,-167019
"2024-02-09 00:00:00",622186,-167019
"2024-02-10 00:00:00",622440,-167163
"2024-02-11 00:00:00",622440,-167163
"2024-02-12 00:00:00",622822,-167362
"2024-02-13 00:00:00",622822,-167362
"2024-02-14 00:00:00",623889,-167760
"2024-02-15 00:00:00",624922,-168401
"2024-02-16 00:00:00",624922,-168401
"2024-02-17 00:00:00",625374,-168663
"2024-02-18 00:00:00",625374,-168663
"2024-02-19 00:00:00",625949,-168921
"2024-02-20 00:00:00",626327,-169115
"2024-02-21 00:00:00",626327,-169115
"2024-02-22 00:00:00",626741,-169299
"2024-02-23 00:00:00",627177,-169551
"2024-02-24 00:00:00",627177,-169551
"2024-02-25 00:00:00",627638,-169764
"2024-02-26 00:00:00",627638,-169764
"2024-02-27 00:00:00",628071,-169986
"2024-02-28 00:00:00",628444,-170191
"2024-02-29 00:00:00",628444,-170191
"2024-03-01 00:00:00",628754,-170325
"2024-03-02 00:00:00",628754,-170325
"2024-03-03 00:00:00",629259,-170545
"2024-03-04 00:00:00",629259,-170545
"2024-03-05 00:00:00",629723,-170768
"2024-03-06 00:00:00",629723,-170768
"2024-03-07 00:00:00",630130,-170989
"2024-03-08 00:00:00",630625,-171285
"2024-03-09 00:00:00",630625,-171285
"2024-03-10 00:00:00",631145,-171563
"2024-03-11 00:00:00",631145,-171563
"2024-03-12 00:00:00",631418,-171731
"2024-03-13 00:00:00",631418,-171731
"2024-03-14 00:00:00",631661,-171890
"2024-03-15 00:00:00",631661,-171890
"2024-03-16 00:00:00",632076,-172064
"2024-03-17 00:00:00",632603,-172268
"2024-03-18 00:00:00",632603,-172268
"2024-03-19 00:00:00",632888,-172650
"2024-03-20 00:00:00",633240,-172997
"2024-03-21 00:00:00",633240,-172997
"2024-03-22 00:00:00",633508,-173181
"2024-03-23 00:00:00",633851,-173446
"2024-03-24 00:00:00",633851,-173446
"2024-03-25 00:00:00",634176,-173619
"2024-03-26 00:00:00",634176,-173619
"2024-03-27 00:00:00",634707,-173891
"2024-03-28 00:00:00",635047,-174239
"2024-03-29 00:00:00",635047,-174239
"2024-03-30 00:00:00",635374,-174481
"2024-03-31 00:00:00",635701,-174772
"2024-04-01 00:00:00",635701,-174772
"2024-04-02 00:00:00",636004,-175006
"2024-04-03 00:00:00",636191,-176214
"2024-04-04 00:00:00",636191,-176214
"2024-04-05 00:00:00",636582,-176718
"2024-04-06 00:00:00",636582,-176718
"2024-04-07 00:00:00",636867,-176995
"2024-04-08 00:00:00",637096,-177184
"2024-04-09 00:00:00",637198,-177283
"2024-04-10 00:00:00",637330,-177390
"2024-04-11 00:00:00",637543,-177573
"2024-04-12 00:00:00",637628,-177644
"2024-04-13 00:00:00",637783,-177784
"2024-04-14 00:00:00",637953,-177952
"2024-04-15 00:00:00",638118,-178060
"2024-04-16 00:00:00",638267,-178175
"2024-04-17 00:00:00",638384,-178329
"2024-04-18 00:00:00",638566,-178486
"2024-04-19 00:00:00",638628,-178533
"2024-04-20 00:00:00",638737,-178675
"2024-04-21 00:00:00",638913,-178812
"2024-04-22 00:00:00",639120,-178991
"2024-04-23 00:00:00",639215,-179048
"2024-04-24 00:00:00",639496,-179234
"2024-04-25 00:00:00",639561,-179270
"2024-04-26 00:00:00",639718,-179378
"2024-04-27 00:00:00",639908,-179534
"2024-04-28 00:00:00",640035,-179625
"2024-04-29 00:00:00",640195,-179727
"2024-04-30 00:00:00",640355,-179853
"2024-05-01 00:00:00",640437,-179897
"2024-05-02 00:00:00",640571,-179982
"2024-05-03 00:00:00",640733,-180077
"2024-05-04 00:00:00",640917,-180182
"2024-05-05 00:00:00",641081,-180335
"2024-05-06 00:00:00",641238,-180422
"2024-05-07 00:00:00",641725,-180585
"2024-05-08 00:00:00",642195,-180817
"2024-05-09 00:00:00",642645,-181212
"2024-05-10 00:00:00",642760,-181322
"2024-05-11 00:00:00",642991,-181542
"2024-05-12 00:00:00",643215,-181803
"2024-05-13 00:00:00",643442,-182061
"2024-05-14 00:00:00",643530,-182153
"2024-05-15 00:00:00",643671,-182385
"2024-05-16 00:00:00",643785,-182480
"2024-05-17 00:00:00",643911,-182605
"2024-05-18 00:00:00",644080,-182733
"2024-05-19 00:00:00",644309,-182928
"2024-05-20 00:00:00",644484,-183079
"2024-05-21 00:00:00",644624,-183206
"2024-05-22 00:00:00",644695,-183257
"2024-05-23 00:00:00",644826,-183376
"2024-05-24 00:00:00",644933,-183522
"2024-05-25 00:00:00",645064,-183650
"2024-05-26 00:00:00",645195,-183836
"2024-05-27 00:00:00",645320,-183948
"2024-05-28 00:00:00",645455,-184059
"2024-05-29 00:00:00",645557,-184181
"2024-05-30 00:00:00",645703,-184350
"2024-05-31 00:00:00",645839,-184527
"2024-06-01 00:00:00",645978,-184671
"2024-06-02 00:00:00",646157,-184819
"2024-06-03 00:00:00",646273,-184949
"2024-06-04 00:00:00",646443,-185114
"2024-06-05 00:00:00",646563,-185203
"2024-06-06 00:00:00",646707,-185346
"2024-06-07 00:00:00",646831,-185451
"2024-06-08 00:00:00",646967,-185610
"2024-06-09 00:00:00",647098,-185750
"2024-06-10 00:00:00",647263,-185880
"2024-06-11 00:00:00",647390,-186002
"2024-06-12 00:00:00",647512,-186153
"2024-06-13 00:00:00",647591,-186294
"2024-06-14 00:00:00",647703,-186432
"2024-06-15 00:00:00",647825,-186605
"2024-06-16 00:00:00",647947,-186761
"2024-06-17 00:00:00",648083,-186895
"2024-06-18 00:00:00",648209,-187044
"2024-06-19 00:00:00",648338,-187188
"2024-06-20 00:00:00",648454,-187311
"2024-06-21 00:00:00",648611,-187522
"2024-06-22 00:00:00",648746,-187652
"2024-06-23 00:00:00",648895,-187867
"2024-06-24 00:00:00",649046,-188042
"2024-06-25 00:00:00",649203,-188238
"2024-06-26 00:00:00",649513,-188454
"2024-06-27 00:00:00",649678,-188712
"2024-06-28 00:00:00",649847,-188936
"2024-06-29 00:00:00",650033,-189138
"2024-06-30 00:00:00",650163,-189337
"2024-07-01 00:00:00",650297,-189485
"2024-07-02 00:00:00",650435,-189659
"2024-07-03 00:00:00",650623,-189901
"2024-07-04 00:00:00",650717,-190008
"2024-07-05 00:00:00",650805,-190170
"2024-07-06 00:00:00",650953,-190336
"2024-07-07 00:00:00",651100,-190498
"2024-07-08 00:00:00",651237,-190639
"2024-07-09 00:00:00",651133,-191988
"2024-07-10 00:00:00",650854,-194280
"2024-07-11 00:00:00",650174,-199507
"2024-07-12 00:00:00",649476,-205204
"2024-07-13 00:00:00",648889,-209004
"2024-07-14 00:00:00",648453,-212714
"2024-07-15 00:00:00",648196,-215943
"2024-07-16 00:00:00",647928,-217331
"2024-07-17 00:00:00",647574,-220908
"2024-07-18 00:00:00",646933,-226893
"2024-07-19 00:00:00",646045,-239055
"2024-07-20 00:00:00",645427,-243109
"2024-07-21 00:00:00",644859,-251434
"2024-07-22 00:00:00",644228,-262875
"2024-07-23 00:00:00",643705,-268754
"2024-07-24 00:00:00",643341,-271814
"2024-07-25 00:00:00",643351,-274788
"2024-07-26 00:00:00",643521,-276264
"2024-07-27 00:00:00",643509,-277895
"2024-07-28 00:00:00",643463,-279197
"2024-07-29 00:00:00",643410,-280370
"2024-07-30 00:00:00",643405,-281515
"2024-07-31 00:00:00",643409,-282500
"2024-08-01 00:00:00",643411,-283374
"2024-08-02 00:00:00",643532,-284292
"2024-08-03 00:00:00",643565,-284524
"2024-08-04 00:00:00",643635,-285398
"2024-08-05 00:00:00",643676,-285673
"2024-08-06 00:00:00",643872,-286326
"2024-08-07 00:00:00",644228,-287491
"2024-08-08 00:00:00",644451,-288817
"2024-08-09 00:00:00",644519,-289048
"2024-08-10 00:00:00",644576,-289601
"2024-08-11 00:00:00",644724,-290121
"2024-08-12 00:00:00",644829,-290822
"2024-08-13 00:00:00",644896,-291163
"2024-08-14 00:00:00",644951,-291442
"2024-08-15 00:00:00",645052,-291755
"2024-08-16 00:00:00",645113,-292008
"2024-08-17 00:00:00",645174,-292251
"2024-08-18 00:00:00",645267,-292519
"2024-08-19 00:00:00",645325,-292754
"2024-08-20 00:00:00",645415,-293080
"2024-08-21 00:00:00",645536,-293252
"2024-08-22 00:00:00",645613,-293419
"2024-08-23 00:00:00",645711,-293625
"2024-08-24 00:00:00",645771,-293835
"2024-08-25 00:00:00",645904,-294041
"2024-08-26 00:00:00",646021,-294257
"2024-08-27 00:00:00",646151,-294480
"2024-08-28 00:00:00",646295,-294735
"2024-08-29 00:00:00",646375,-294906
"2024-08-30 00:00:00",646519,-295171
"2024-08-31 00:00:00",646560,-295267
"2024-09-01 00:00:00",646652,-295475
"2024-09-02 00:00:00",646734,-295622
"2024-09-03 00:00:00",646792,-295793
"2024-09-04 00:00:00",646863,-295974
"2024-09-05 00:00:00",646919,-296182
"2024-09-06 00:00:00",646978,-296399
"2024-09-07 00:00:00",647048,-296545
"2024-09-08 00:00:00",647123,-296770
"2024-09-09 00:00:00",647183,-296915
"2024-09-10 00:00:00",647289,-297195
"2024-09-11 00:00:00",647391,-297362
"2024-09-12 00:00:00",647488,-297572
"2024-09-13 00:00:00",647534,-297688
"2024-09-14 00:00:00",647622,-297948
"2024-09-15 00:00:00",647706,-298236
"2024-09-16 00:00:00",647806,-298475
"2024-09-17 00:00:00",647927,-298829
"2024-09-18 00:00:00",648087,-299045
"2024-09-19 00:00:00",648214,-299424
"2024-09-20 00:00:00",648280,-299592
"2024-09-21 00:00:00",648375,-299865
"2024-09-22 00:00:00",648473,-300106
"2024-09-23 00:00:00",648592,-300356
"2024-09-24 00:00:00",648645,-300452
"2024-09-25 00:00:00",648758,-300705
"2024-09-26 00:00:00",648810,-300776
"2024-09-27 00:00:00",648882,-300923
"2024-09-28 00:00:00",648946,-301056
"2024-09-29 00:00:00",649030,-301206
"2024-09-30 00:00:00",649093,-301339
"2024-10-01 00:00:00",649139,-301504
"2024-10-02 00:00:00",649195,-301646
"2024-10-03 00:00:00",649235,-301770
"2024-10-04 00:00:00",649316,-301898
"2024-10-05 00:00:00",649355,-302044
"2024-10-06 00:00:00",649403,-302188
"2024-10-07 00:00:00",649457,-302352
"2024-10-08 00:00:00",649490,-302487
"2024-10-09 00:00:00",649544,-302583
"2024-10-10 00:00:00",649603,-302713
"2024-10-11 00:00:00",649651,-302823
"2024-10-12 00:00:00",649739,-302964
"2024-10-13 00:00:00",649820,-303096
"2024-10-14 00:00:00",649879,-303214
"2024-10-15 00:00:00",649920,-303318
"2024-10-16 00:00:00",649975,-303445
"2024-10-17 00:00:00",650023,-303540
"2024-10-18 00:00:00",650067,-303678
"2024-10-19 00:00:00",650098,-303821
"2024-10-20 00:00:00",650155,-303976
"2024-10-21 00:00:00",650201,-304074
"2024-10-22 00:00:00",650252,-304161
"2024-10-23 00:00:00",650304,-304290
"2024-10-24 00:00:00",650386,-304388
"2024-10-25 00:00:00",650439,-304487
"2024-10-26 00:00:00",650509,-304581
"2024-10-27 00:00:00",650578,-304677
"2024-10-28 00:00:00",650639,-304746
"2024-10-29 00:00:00",650681,-304843
"2024-10-30 00:00:00",650741,-304882
"2024-10-31 00:00:00",650787,-305109
"2024-11-01 00:00:00",650774,-305534
"2024-11-02 00:00:00",650772,-305836
"2024-11-03 00:00:00",650801,-306441
"2024-11-04 00:00:00",650815,-306868
"2024-11-05 00:00:00",650917,-307155
"2024-11-06 00:00:00",650968,-309050
"2024-11-07 00:00:00",651049,-309821
"2024-11-08 00:00:00",651132,-310019
"2024-11-09 00:00:00",651193,-310234
"2024-11-10 00:00:00",651285,-310437
"2024-11-11 00:00:00",651360,-310608
"2024-11-12 00:00:00",651402,-310740
"2024-11-13 00:00:00",651448,-310870
"2024-11-14 00:00:00",651520,-311024
"2024-11-15 00:00:00",651609,-311157
"2024-11-16 00:00:00",651679,-311241
"2024-11-17 00:00:00",651747,-311363
"2024-11-18 00:00:00",651808,-311461
"2024-11-19 00:00:00",651855,-311571
"2024-11-20 00:00:00",651926,-311677
"2024-11-21 00:00:00",651969,-311731
"2024-11-22 00:00:00",652017,-311802
"2024-11-23 00:00:00",652074,-311900
"2024-11-24 00:00:00",652142,-312009
"2024-11-25 00:00:00",652211,-312092
"2024-11-26 00:00:00",652269,-312191
"2024-11-27 00:00:00",652313,-312256
"2024-11-28 00:00:00",653205,-312560
"2024-11-29 00:00:00",653958,-312841
"2024-11-30 00:00:00",654427,-313009
"2024-12-01 00:00:00",654859,-313181
"2024-12-02 00:00:00",655154,-313311
"2024-12-03 00:00:00",655429,-313378
"2024-12-04 00:00:00",655674,-313541
"2024-12-05 00:00:00",655825,-313659
"2024-12-06 00:00:00",655640,-313749
"2024-12-07 00:00:00",655706,-313793
"2024-12-08 00:00:00",655767,-313856
"2024-12-09 00:00:00",655824,-313945
"2024-12-10 00:00:00",655843,-313999
"2024-12-11 00:00:00",655883,-314064
"2024-12-12 00:00:00",655918,-314129
"2024-12-13 00:00:00",655949,-314198
"2024-12-14 00:00:00",655970,-314280
"2024-12-15 00:00:00",656008,-314321
"2024-12-16 00:00:00",656073,-314346
"2024-12-17 00:00:00",656125,-314383
"2024-12-18 00:00:00",656181,-314464
"2024-12-19 00:00:00",656212,-314514
"2024-12-20 00:00:00",656280,-314579
"2024-12-21 00:00:00",656309,-314647
"2024-12-22 00:00:00",656339,-314748
"2024-12-23 00:00:00",656397,-314813
"2024-12-24 00:00:00",656423,-314897
"2024-12-25 00:00:00",656473,-314984
"2024-12-26 00:00:00",656525,-315071
"2024-12-27 00:00:00",656562,-315186
"2024-12-28 00:00:00",656577,-315290
"2024-12-29 00:00:00",656613,-315392
"2024-12-30 00:00:00",656658,-315472
"2024-12-31 00:00:00",656728,-315562
"2025-01-01 00:00:00",656781,-315669
"2025-01-02 00:00:00",656814,-315751
"2025-01-03 00:00:00",656863,-315841
"2025-01-04 00:00:00",657134,-316072
"2025-01-05 00:00:00",657156,-316199
"2025-01-06 00:00:00",657243,-316321
"2025-01-07 00:00:00",657574,-316637
"2025-01-08 00:00:00",657687,-317513
"2025-01-09 00:00:00",657746,-318022